#STIG ID,Legacy Group ID,Legacy Rule ID,Old Rule ID,New Group ID,New Rule ID
APSC-DV-000010,V-69239,SV-83861,SV-83861r1_rule,V-222387,SV-222387r508029_rule
APSC-DV-000060,V-69241,SV-83863,SV-83863r1_rule,V-222388,SV-222388r508029_rule
APSC-DV-000070,V-69243,SV-83865,SV-83865r1_rule,V-222389,SV-222389r508029_rule
APSC-DV-000080,V-69245,SV-83867,SV-83867r1_rule,V-222390,SV-222390r508029_rule
APSC-DV-000090,V-69247,SV-83869,SV-83869r1_rule,V-222391,SV-222391r508029_rule
APSC-DV-000100,V-69249,SV-83871,SV-83871r1_rule,V-222392,SV-222392r508029_rule
APSC-DV-000110,V-69251,SV-83873,SV-83873r1_rule,V-222393,SV-222393r508029_rule
APSC-DV-000120,V-69253,SV-83875,SV-83875r1_rule,V-222394,SV-222394r508029_rule
APSC-DV-000130,V-69255,SV-83877,SV-83877r1_rule,V-222395,SV-222395r508029_rule
APSC-DV-000160,V-69257,SV-83879,SV-83879r1_rule,V-222396,SV-222396r508029_rule
APSC-DV-000170,V-69259,SV-83881,SV-83881r1_rule,V-222397,SV-222397r508029_rule
APSC-DV-000180,V-69261,SV-83883,SV-83883r1_rule,V-222398,SV-222398r508029_rule
APSC-DV-000190,V-69279,SV-83901,SV-83901r1_rule,V-222399,SV-222399r508029_rule
APSC-DV-000200,V-69281,SV-83903,SV-83903r1_rule,V-222400,SV-222400r508029_rule
APSC-DV-000210,V-69283,SV-83905,SV-83905r2_rule,V-222401,SV-222401r508029_rule
APSC-DV-000220,V-69285,SV-83907,SV-83907r1_rule,V-222402,SV-222402r508029_rule
APSC-DV-000230,V-69287,SV-83909,SV-83909r1_rule,V-222403,SV-222403r508029_rule
APSC-DV-000240,V-69289,SV-83911,SV-83911r1_rule,V-222404,SV-222404r508029_rule
APSC-DV-000250,V-69291,SV-83913,SV-83913r1_rule,V-222405,SV-222405r508029_rule
APSC-DV-000260,V-69293,SV-83915,SV-83915r1_rule,V-222406,SV-222406r508029_rule
APSC-DV-000280,V-69295,SV-83917,SV-83917r1_rule,V-222407,SV-222407r508029_rule
APSC-DV-000290,V-69297,SV-83919,SV-83919r1_rule,V-222408,SV-222408r508029_rule
APSC-DV-000300,V-69299,SV-83921,SV-83921r1_rule,V-222409,SV-222409r508029_rule
APSC-DV-000310,V-70173,SV-84795,SV-84795r1_rule,V-222410,SV-222410r508029_rule
APSC-DV-000320,V-69301,SV-83923,SV-83923r1_rule,V-222411,SV-222411r508029_rule
APSC-DV-000330,V-69303,SV-83925,SV-83925r1_rule,V-222412,SV-222412r508029_rule
APSC-DV-000340,V-69305,SV-83927,SV-83927r1_rule,V-222413,SV-222413r508029_rule
APSC-DV-000350,V-69307,SV-83929,SV-83929r1_rule,V-222414,SV-222414r508029_rule
APSC-DV-000360,V-69309,SV-83931,SV-83931r1_rule,V-222415,SV-222415r508029_rule
APSC-DV-000370,V-69311,SV-83933,SV-83933r1_rule,V-222416,SV-222416r508029_rule
APSC-DV-000380,V-69313,SV-83935,SV-83935r1_rule,V-222417,SV-222417r508029_rule
APSC-DV-000390,V-69315,SV-83937,SV-83937r1_rule,V-222418,SV-222418r508029_rule
APSC-DV-000400,V-69317,SV-83939,SV-83939r1_rule,V-222419,SV-222419r508029_rule
APSC-DV-000410,V-69319,SV-83941,SV-83941r1_rule,V-222420,SV-222420r508029_rule
APSC-DV-000420,V-69321,SV-83943,SV-83943r1_rule,V-222421,SV-222421r508029_rule
APSC-DV-000430,V-69323,SV-83945,SV-83945r1_rule,V-222422,SV-222422r508029_rule
APSC-DV-000440,V-69325,SV-83947,SV-83947r1_rule,V-222423,SV-222423r508029_rule
APSC-DV-000450,V-69327,SV-83949,SV-83949r1_rule,V-222424,SV-222424r508029_rule
APSC-DV-000460,V-69329,SV-83951,SV-83951r1_rule,V-222425,SV-222425r508029_rule
APSC-DV-000470,V-69331,SV-83953,SV-83953r1_rule,V-222426,SV-222426r508029_rule
APSC-DV-000480,V-69333,SV-83955,SV-83955r1_rule,V-222427,SV-222427r508029_rule
APSC-DV-000490,V-69335,SV-83957,SV-83957r1_rule,V-222428,SV-222428r508029_rule
APSC-DV-000500,V-69337,SV-83959,SV-83959r1_rule,V-222429,SV-222429r508029_rule
APSC-DV-000510,V-69339,SV-83961,SV-83961r1_rule,V-222430,SV-222430r508029_rule
APSC-DV-000520,V-69341,SV-83963,SV-83963r1_rule,V-222431,SV-222431r508029_rule
APSC-DV-000530,V-69343,SV-83965,SV-83965r1_rule,V-222432,SV-222432r508029_rule
APSC-DV-000540,V-69347,SV-83969,SV-83969r1_rule,V-222433,SV-222433r508029_rule
APSC-DV-000550,V-69349,SV-83971,SV-83971r2_rule,V-222434,SV-222434r508029_rule
APSC-DV-000560,V-69351,SV-83973,SV-83973r2_rule,V-222435,SV-222435r508029_rule
APSC-DV-000570,V-69353,SV-83975,SV-83975r1_rule,V-222436,SV-222436r508029_rule
APSC-DV-000580,V-69355,SV-83977,SV-83977r1_rule,V-222437,SV-222437r508029_rule
APSC-DV-000590,V-69357,SV-83979,SV-83979r1_rule,V-222438,SV-222438r508029_rule
APSC-DV-000600,V-69359,SV-83981,SV-83981r1_rule,V-222439,SV-222439r561233_rule
APSC-DV-000620,V-69363,SV-83985,SV-83985r1_rule,V-222441,SV-222441r508029_rule
APSC-DV-000630,V-69365,SV-83987,SV-83987r1_rule,V-222442,SV-222442r508029_rule
APSC-DV-000640,V-69367,SV-83989,SV-83989r1_rule,V-222443,SV-222443r508029_rule
APSC-DV-000650,V-69369,SV-83991,SV-83991r1_rule,V-222444,SV-222444r508029_rule
APSC-DV-000660,V-69371,SV-83993,SV-83993r2_rule,V-222445,SV-222445r508029_rule
APSC-DV-000670,V-69373,SV-83995,SV-83995r1_rule,V-222446,SV-222446r508029_rule
APSC-DV-000680,V-69375,SV-83997,SV-83997r1_rule,V-222447,SV-222447r508029_rule
APSC-DV-000690,V-69377,SV-83999,SV-83999r1_rule,V-222448,SV-222448r508029_rule
APSC-DV-000700,V-69379,SV-84001,SV-84001r1_rule,V-222449,SV-222449r508029_rule
APSC-DV-000710,V-69381,SV-84003,SV-84003r2_rule,V-222450,SV-222450r508029_rule
APSC-DV-000720,V-69383,SV-84005,SV-84005r1_rule,V-222451,SV-222451r508029_rule
APSC-DV-000730,V-69385,SV-84007,SV-84007r1_rule,V-222452,SV-222452r508029_rule
APSC-DV-000740,V-69387,SV-84009,SV-84009r1_rule,V-222453,SV-222453r508029_rule
APSC-DV-000750,V-69389,SV-84011,SV-84011r1_rule,V-222454,SV-222454r508029_rule
APSC-DV-000760,V-69391,SV-84013,SV-84013r1_rule,V-222455,SV-222455r508029_rule
APSC-DV-000770,V-69393,SV-84015,SV-84015r1_rule,V-222456,SV-222456r508029_rule
APSC-DV-000780,V-69395,SV-84017,SV-84017r1_rule,V-222457,SV-222457r508029_rule
APSC-DV-000790,V-69397,SV-84019,SV-84019r1_rule,V-222458,SV-222458r508029_rule
APSC-DV-000800,V-69399,SV-84021,SV-84021r1_rule,V-222459,SV-222459r508029_rule
APSC-DV-000810,V-69401,SV-84023,SV-84023r1_rule,V-222460,SV-222460r508029_rule
APSC-DV-000820,V-69403,SV-84025,SV-84025r1_rule,V-222461,SV-222461r508029_rule
APSC-DV-000830,V-69405,SV-84027,SV-84027r1_rule,V-222462,SV-222462r508029_rule
APSC-DV-000840,V-69407,SV-84029,SV-84029r1_rule,V-222463,SV-222463r508029_rule
APSC-DV-000850,V-69409,SV-84031,SV-84031r1_rule,V-222464,SV-222464r508029_rule
APSC-DV-000860,V-69411,SV-84033,SV-84033r1_rule,V-222465,SV-222465r508029_rule
APSC-DV-000870,V-69413,SV-84035,SV-84035r1_rule,V-222466,SV-222466r508029_rule
APSC-DV-000880,V-69415,SV-84037,SV-84037r1_rule,V-222467,SV-222467r508029_rule
APSC-DV-000910,V-69419,SV-84041,SV-84041r1_rule,V-222468,SV-222468r508029_rule
APSC-DV-000940,V-69421,SV-84043,SV-84043r1_rule,V-222469,SV-222469r508029_rule
APSC-DV-000950,V-69423,SV-84045,SV-84045r1_rule,V-222470,SV-222470r508029_rule
APSC-DV-000960,V-69425,SV-84047,SV-84047r1_rule,V-222471,SV-222471r508029_rule
APSC-DV-000970,V-69427,SV-84049,SV-84049r1_rule,V-222472,SV-222472r508029_rule
APSC-DV-000980,V-69429,SV-84051,SV-84051r1_rule,V-222473,SV-222473r508029_rule
APSC-DV-000990,V-69431,SV-84053,SV-84053r1_rule,V-222474,SV-222474r508029_rule
APSC-DV-001000,V-69433,SV-84055,SV-84055r1_rule,V-222475,SV-222475r508029_rule
APSC-DV-001010,V-69435,SV-84057,SV-84057r1_rule,V-222476,SV-222476r508029_rule
APSC-DV-001020,V-69437,SV-84059,SV-84059r1_rule,V-222477,SV-222477r508029_rule
APSC-DV-001030,V-69439,SV-84061,SV-84061r1_rule,V-222478,SV-222478r508029_rule
APSC-DV-001040,V-69441,SV-84063,SV-84063r1_rule,V-222479,SV-222479r508029_rule
APSC-DV-001050,V-69443,SV-84065,SV-84065r1_rule,V-222480,SV-222480r508029_rule
APSC-DV-001070,V-69445,SV-84067,SV-84067r1_rule,V-222481,SV-222481r508029_rule
APSC-DV-001080,V-69447,SV-84069,SV-84069r1_rule,V-222482,SV-222482r508029_rule
APSC-DV-001090,V-69449,SV-84071,SV-84071r1_rule,V-222483,SV-222483r561236_rule
APSC-DV-001100,V-69451,SV-84073,SV-84073r1_rule,V-222484,SV-222484r508029_rule
APSC-DV-001110,V-69453,SV-84075,SV-84075r1_rule,V-222485,SV-222485r508029_rule
APSC-DV-001120,V-69455,SV-84077,SV-84077r1_rule,V-222486,SV-222486r508029_rule
APSC-DV-001130,V-69457,SV-84079,SV-84079r1_rule,V-222487,SV-222487r508029_rule
APSC-DV-001140,V-69459,SV-84081,SV-84081r1_rule,V-222488,SV-222488r508029_rule
APSC-DV-001150,V-69461,SV-84083,SV-84083r1_rule,V-222489,SV-222489r508029_rule
APSC-DV-001160,V-69463,SV-84085,SV-84085r1_rule,V-222490,SV-222490r508029_rule
APSC-DV-001170,V-69465,SV-84087,SV-84087r1_rule,V-222491,SV-222491r508029_rule
APSC-DV-001180,V-69467,SV-84089,SV-84089r1_rule,V-222492,SV-222492r508029_rule
APSC-DV-001190,V-69469,SV-84091,SV-84091r1_rule,V-222493,SV-222493r508029_rule
APSC-DV-001200,V-69471,SV-84093,SV-84093r1_rule,V-222494,SV-222494r508029_rule
APSC-DV-001210,V-69473,SV-84095,SV-84095r1_rule,V-222495,SV-222495r508029_rule
APSC-DV-001220,V-69475,SV-84097,SV-84097r1_rule,V-222496,SV-222496r508029_rule
APSC-DV-001250,V-69477,SV-84099,SV-84099r1_rule,V-222497,SV-222497r508029_rule
APSC-DV-001260,V-69479,SV-84101,SV-84101r1_rule,V-222498,SV-222498r508029_rule
APSC-DV-001270,V-69481,SV-84103,SV-84103r1_rule,V-222499,SV-222499r508029_rule
APSC-DV-001280,V-69483,SV-84105,SV-84105r1_rule,V-222500,SV-222500r508029_rule
APSC-DV-001290,V-69485,SV-84107,SV-84107r1_rule,V-222501,SV-222501r561239_rule
APSC-DV-001300,V-69487,SV-84109,SV-84109r1_rule,V-222502,SV-222502r508029_rule
APSC-DV-001310,V-69489,SV-84111,SV-84111r1_rule,V-222503,SV-222503r561242_rule
APSC-DV-001320,V-69491,SV-84113,SV-84113r1_rule,V-222504,SV-222504r561290_rule
APSC-DV-001330,V-69493,SV-84115,SV-84115r1_rule,V-222505,SV-222505r561245_rule
APSC-DV-001340,V-69495,SV-84117,SV-84117r1_rule,V-222506,SV-222506r508029_rule
APSC-DV-001350,V-69497,SV-84119,SV-84119r1_rule,V-222507,SV-222507r508029_rule
APSC-DV-001360,V-69499,SV-84121,SV-84121r1_rule,V-222508,SV-222508r508029_rule
APSC-DV-001370,V-69501,SV-84123,SV-84123r2_rule,V-222509,SV-222509r508029_rule
APSC-DV-001390,V-69503,SV-84125,SV-84125r1_rule,V-222510,SV-222510r508029_rule
APSC-DV-001410,V-69505,SV-84127,SV-84127r1_rule,V-222511,SV-222511r508029_rule
APSC-DV-001420,V-69507,SV-84129,SV-84129r1_rule,V-222512,SV-222512r508029_rule
APSC-DV-001430,V-69509,SV-84131,SV-84131r1_rule,V-222513,SV-222513r561248_rule
APSC-DV-001440,V-69511,SV-84133,SV-84133r1_rule,V-222514,SV-222514r508029_rule
APSC-DV-001460,V-69513,SV-84135,SV-84135r1_rule,V-222515,SV-222515r508029_rule
APSC-DV-001480,V-69515,SV-84137,SV-84137r1_rule,V-222516,SV-222516r508029_rule
APSC-DV-001490,V-69517,SV-84139,SV-84139r1_rule,V-222517,SV-222517r508029_rule
APSC-DV-001500,V-69519,SV-84141,SV-84141r1_rule,V-222518,SV-222518r508029_rule
APSC-DV-001510,V-69521,SV-84143,SV-84143r1_rule,V-222519,SV-222519r508029_rule
APSC-DV-001520,V-69523,SV-84145,SV-84145r1_rule,V-222520,SV-222520r508029_rule
APSC-DV-001530,V-69525,SV-84147,SV-84147r1_rule,V-222521,SV-222521r508029_rule
APSC-DV-001540,V-69527,SV-84149,SV-84149r1_rule,V-222522,SV-222522r508029_rule
APSC-DV-001550,V-69529,SV-84151,SV-84151r1_rule,V-222523,SV-222523r508029_rule
APSC-DV-001560,V-69531,SV-84153,SV-84153r1_rule,V-222524,SV-222524r508029_rule
APSC-DV-001570,V-69533,SV-84155,SV-84155r1_rule,V-222525,SV-222525r508029_rule
APSC-DV-001580,V-69535,SV-84157,SV-84157r1_rule,V-222526,SV-222526r508029_rule
APSC-DV-001590,V-69537,SV-84159,SV-84159r1_rule,V-222527,SV-222527r508029_rule
APSC-DV-001600,V-69539,SV-84161,SV-84161r1_rule,V-222528,SV-222528r508029_rule
APSC-DV-001610,V-69541,SV-84163,SV-84163r1_rule,V-222529,SV-222529r508029_rule
APSC-DV-001620,V-69543,SV-84165,SV-84165r1_rule,V-222530,SV-222530r508029_rule
APSC-DV-001630,V-69545,SV-84167,SV-84167r1_rule,V-222531,SV-222531r508029_rule
APSC-DV-001640,V-69547,SV-84169,SV-84169r1_rule,V-222532,SV-222532r508029_rule
APSC-DV-001650,V-69549,SV-84171,SV-84171r1_rule,V-222533,SV-222533r508029_rule
APSC-DV-001660,V-69551,SV-84173,SV-84173r1_rule,V-222534,SV-222534r508029_rule
APSC-DV-001670,V-69553,SV-84175,SV-84175r2_rule,V-222535,SV-222535r508029_rule
APSC-DV-001680,V-69555,SV-84177,SV-84177r1_rule,V-222536,SV-222536r508029_rule
APSC-DV-001690,V-69557,SV-84179,SV-84179r1_rule,V-222537,SV-222537r508029_rule
APSC-DV-001700,V-69559,SV-84181,SV-84181r1_rule,V-222538,SV-222538r508029_rule
APSC-DV-001710,V-69561,SV-84183,SV-84183r1_rule,V-222539,SV-222539r508029_rule
APSC-DV-001720,V-69563,SV-84185,SV-84185r1_rule,V-222540,SV-222540r508029_rule
APSC-DV-001730,V-69565,SV-84187,SV-84187r1_rule,V-222541,SV-222541r508029_rule
APSC-DV-001740,V-69567,SV-84189,SV-84189r1_rule,V-222542,SV-222542r508029_rule
APSC-DV-001750,V-69569,SV-84191,SV-84191r1_rule,V-222543,SV-222543r508029_rule
APSC-DV-001760,V-69571,SV-84193,SV-84193r1_rule,V-222544,SV-222544r508029_rule
APSC-DV-001770,V-69573,SV-84195,SV-84195r1_rule,V-222545,SV-222545r508029_rule
APSC-DV-001780,V-69575,SV-84197,SV-84197r1_rule,V-222546,SV-222546r508029_rule
APSC-DV-001790,V-69577,SV-84199,SV-84199r1_rule,V-222547,SV-222547r508029_rule
APSC-DV-001795,V-70145,SV-84767,SV-84767r1_rule,V-222548,SV-222548r561251_rule
APSC-DV-001800,V-70147,SV-84769,SV-84769r2_rule,V-222549,SV-222549r508029_rule
APSC-DV-001810,V-70149,SV-84771,SV-84771r1_rule,V-222550,SV-222550r508029_rule
APSC-DV-001820,V-70151,SV-84773,SV-84773r1_rule,V-222551,SV-222551r508029_rule
APSC-DV-001830,V-70153,SV-84775,SV-84775r1_rule,V-222552,SV-222552r508029_rule
APSC-DV-001840,V-70155,SV-84777,SV-84777r1_rule,V-222553,SV-222553r508029_rule
APSC-DV-001850,V-70157,SV-84779,SV-84779r2_rule,V-222554,SV-222554r508029_rule
APSC-DV-001860,V-70159,SV-84781,SV-84781r2_rule,V-222555,SV-222555r508029_rule
APSC-DV-001870,V-70161,SV-84783,SV-84783r1_rule,V-222556,SV-222556r508029_rule
APSC-DV-001880,V-70163,SV-84785,SV-84785r1_rule,V-222557,SV-222557r508029_rule
APSC-DV-001890,V-70165,SV-84787,SV-84787r2_rule,V-222558,SV-222558r508029_rule
APSC-DV-001900,V-70167,SV-84789,SV-84789r1_rule,V-222559,SV-222559r508029_rule
APSC-DV-001910,V-70169,SV-84791,SV-84791r1_rule,V-222560,SV-222560r508029_rule
APSC-DV-001930,V-70171,SV-84793,SV-84793r1_rule,V-222561,SV-222561r508029_rule
APSC-DV-001940,V-70175,SV-84797,SV-84797r1_rule,V-222562,SV-222562r508029_rule
APSC-DV-001950,V-70177,SV-84799,SV-84799r1_rule,V-222563,SV-222563r508029_rule
APSC-DV-001960,V-70179,SV-84801,SV-84801r1_rule,V-222564,SV-222564r508029_rule
APSC-DV-001970,V-70181,SV-84803,SV-84803r1_rule,V-222565,SV-222565r508029_rule
APSC-DV-001980,V-70183,SV-84805,SV-84805r1_rule,V-222566,SV-222566r508029_rule
APSC-DV-001995,V-70185,SV-84807,SV-84807r1_rule,V-222567,SV-222567r508029_rule
APSC-DV-002000,V-70187,SV-84809,SV-84809r1_rule,V-222568,SV-222568r508029_rule
APSC-DV-002010,V-70189,SV-84811,SV-84811r2_rule,V-222569,SV-222569r561293_rule
APSC-DV-002020,V-70191,SV-84813,SV-84813r2_rule,V-222570,SV-222570r508029_rule
APSC-DV-002030,V-70193,SV-84815,SV-84815r2_rule,V-222571,SV-222571r508029_rule
APSC-DV-002040,V-70195,SV-84817,SV-84817r1_rule,V-222572,SV-222572r508029_rule
APSC-DV-002050,V-70197,SV-84819,SV-84819r1_rule,V-222573,SV-222573r508029_rule
APSC-DV-002150,V-70199,SV-84821,SV-84821r1_rule,V-222574,SV-222574r508029_rule
APSC-DV-002210,V-70201,SV-84823,SV-84823r1_rule,V-222575,SV-222575r508029_rule
APSC-DV-002220,V-70203,SV-84825,SV-84825r1_rule,V-222576,SV-222576r508029_rule
APSC-DV-002230,V-70205,SV-84827,SV-84827r1_rule,V-222577,SV-222577r508029_rule
APSC-DV-002240,V-70207,SV-84829,SV-84829r1_rule,V-222578,SV-222578r508029_rule
APSC-DV-002250,V-70209,SV-84831,SV-84831r1_rule,V-222579,SV-222579r508029_rule
APSC-DV-002260,V-70211,SV-84833,SV-84833r1_rule,V-222580,SV-222580r508029_rule
APSC-DV-002270,V-70213,SV-84835,SV-84835r1_rule,V-222581,SV-222581r508029_rule
APSC-DV-002280,V-70215,SV-84837,SV-84837r1_rule,V-222582,SV-222582r508029_rule
APSC-DV-002290,V-70217,SV-84839,SV-84839r1_rule,V-222583,SV-222583r508029_rule
APSC-DV-002300,V-70219,SV-84841,SV-84841r1_rule,V-222584,SV-222584r508029_rule
APSC-DV-002310,V-70221,SV-84843,SV-84843r1_rule,V-222585,SV-222585r508029_rule
APSC-DV-002320,V-70223,SV-84845,SV-84845r1_rule,V-222586,SV-222586r508029_rule
APSC-DV-002330,V-70225,SV-84847,SV-84847r1_rule,V-222587,SV-222587r508029_rule
APSC-DV-002340,V-70227,SV-84849,SV-84849r1_rule,V-222588,SV-222588r508029_rule
APSC-DV-002350,V-70229,SV-84851,SV-84851r1_rule,V-222589,SV-222589r508029_rule
APSC-DV-002360,V-70231,SV-84853,SV-84853r1_rule,V-222590,SV-222590r508029_rule
APSC-DV-002370,V-70233,SV-84855,SV-84855r1_rule,V-222591,SV-222591r508029_rule
APSC-DV-002380,V-70235,SV-84857,SV-84857r1_rule,V-222592,SV-222592r508029_rule
APSC-DV-002390,V-70237,SV-84859,SV-84859r1_rule,V-222593,SV-222593r561254_rule
APSC-DV-002400,V-70239,SV-84861,SV-84861r1_rule,V-222594,SV-222594r561257_rule
APSC-DV-002410,V-70241,SV-84863,SV-84863r1_rule,V-222595,SV-222595r508029_rule
APSC-DV-002440,V-70245,SV-84867,SV-84867r1_rule,V-222596,SV-222596r508029_rule
APSC-DV-002450,V-70247,SV-84869,SV-84869r1_rule,V-222597,SV-222597r561260_rule
APSC-DV-002460,V-70249,SV-84871,SV-84871r1_rule,V-222598,SV-222598r508029_rule
APSC-DV-002470,V-70251,SV-84873,SV-84873r1_rule,V-222599,SV-222599r508029_rule
APSC-DV-002480,V-70253,SV-84875,SV-84875r1_rule,V-222600,SV-222600r508029_rule
APSC-DV-002485,V-70255,SV-84877,SV-84877r1_rule,V-222601,SV-222601r508029_rule
APSC-DV-002490,V-70257,SV-84879,SV-84879r1_rule,V-222602,SV-222602r561263_rule
APSC-DV-002500,V-70259,SV-84881,SV-84881r1_rule,V-222603,SV-222603r508029_rule
APSC-DV-002510,V-70261,SV-84883,SV-84883r1_rule,V-222604,SV-222604r508029_rule
APSC-DV-002520,V-70263,SV-84885,SV-84885r1_rule,V-222605,SV-222605r561266_rule
APSC-DV-002530,V-70265,SV-84887,SV-84887r1_rule,V-222606,SV-222606r508029_rule
APSC-DV-002540,V-70267,SV-84889,SV-84889r1_rule,V-222607,SV-222607r508029_rule
APSC-DV-002550,V-70269,SV-84891,SV-84891r1_rule,V-222608,SV-222608r508029_rule
APSC-DV-002560,V-70271,SV-84893,SV-84893r1_rule,V-222609,SV-222609r561269_rule
APSC-DV-002570,V-70273,SV-84895,SV-84895r1_rule,V-222610,SV-222610r508029_rule
APSC-DV-002580,V-70275,SV-84897,SV-84897r1_rule,V-222611,SV-222611r508029_rule
APSC-DV-002590,V-70277,SV-84899,SV-84899r1_rule,V-222612,SV-222612r561272_rule
APSC-DV-002610,V-70279,SV-84901,SV-84901r1_rule,V-222613,SV-222613r508029_rule
APSC-DV-002630,V-70281,SV-84903,SV-84903r1_rule,V-222614,SV-222614r508029_rule
APSC-DV-002760,V-70283,SV-84905,SV-84905r1_rule,V-222615,SV-222615r508029_rule
APSC-DV-002770,V-70285,SV-84907,SV-84907r1_rule,V-222616,SV-222616r508029_rule
APSC-DV-002780,V-70287,SV-84909,SV-84909r1_rule,V-222617,SV-222617r508029_rule
APSC-DV-002870,V-70289,SV-84911,SV-84911r1_rule,V-222618,SV-222618r508029_rule
APSC-DV-002880,V-70291,SV-84913,SV-84913r1_rule,V-222619,SV-222619r508029_rule
APSC-DV-002890,V-70293,SV-84915,SV-84915r1_rule,V-222620,SV-222620r508029_rule
APSC-DV-002900,V-70295,SV-84917,SV-84917r1_rule,V-222621,SV-222621r508029_rule
APSC-DV-002910,V-70297,SV-84919,SV-84919r1_rule,V-222622,SV-222622r508029_rule
APSC-DV-002920,V-70301,SV-84923,SV-84923r1_rule,V-222623,SV-222623r508029_rule
APSC-DV-002930,V-70303,SV-84925,SV-84925r1_rule,V-222624,SV-222624r508029_rule
APSC-DV-002950,V-70307,SV-84929,SV-84929r1_rule,V-222625,SV-222625r508029_rule
APSC-DV-002960,V-70309,SV-84931,SV-84931r1_rule,V-222626,SV-222626r508029_rule
APSC-DV-002970,V-70311,SV-84933,SV-84933r1_rule,V-222627,SV-222627r508029_rule
APSC-DV-002980,V-70313,SV-84935,SV-84935r1_rule,V-222628,SV-222628r561275_rule
APSC-DV-002990,V-70317,SV-84939,SV-84939r2_rule,V-222629,SV-222629r508029_rule
APSC-DV-002995,V-70339,SV-84961,SV-84961r1_rule,V-222630,SV-222630r508029_rule
APSC-DV-003000,V-70341,SV-84963,SV-84963r1_rule,V-222631,SV-222631r508029_rule
APSC-DV-003010,V-70343,SV-84965,SV-84965r1_rule,V-222632,SV-222632r508029_rule
APSC-DV-003020,V-70345,SV-84967,SV-84967r2_rule,V-222633,SV-222633r508029_rule
APSC-DV-003030,V-70347,SV-84969,SV-84969r1_rule,V-222634,SV-222634r508029_rule
APSC-DV-003040,V-70349,SV-84971,SV-84971r1_rule,V-222635,SV-222635r508029_rule
APSC-DV-003050,V-70351,SV-84973,SV-84973r1_rule,V-222636,SV-222636r508029_rule
APSC-DV-003060,V-70353,SV-84975,SV-84975r1_rule,V-222637,SV-222637r508029_rule
APSC-DV-003070,V-70355,SV-84977,SV-84977r1_rule,V-222638,SV-222638r508029_rule
APSC-DV-003080,V-70357,SV-84979,SV-84979r1_rule,V-222639,SV-222639r508029_rule
APSC-DV-003090,V-70359,SV-84981,SV-84981r1_rule,V-222640,SV-222640r508029_rule
APSC-DV-003100,V-70361,SV-84983,SV-84983r1_rule,V-222641,SV-222641r508029_rule
APSC-DV-003110,V-70363,SV-84985,SV-84985r1_rule,V-222642,SV-222642r508029_rule
APSC-DV-003120,V-70365,SV-84987,SV-84987r1_rule,V-222643,SV-222643r508029_rule
APSC-DV-003130,V-70367,SV-84989,SV-84989r1_rule,V-222644,SV-222644r508029_rule
APSC-DV-003140,V-70369,SV-84991,SV-84991r2_rule,V-222645,SV-222645r561278_rule
APSC-DV-003150,V-70371,SV-84993,SV-84993r1_rule,V-222646,SV-222646r508029_rule
APSC-DV-003160,V-70373,SV-84995,SV-84995r1_rule,V-222647,SV-222647r508029_rule
APSC-DV-003170,V-70375,SV-84997,SV-84997r1_rule,V-222648,SV-222648r508029_rule
APSC-DV-003180,V-70377,SV-84999,SV-84999r1_rule,V-222649,SV-222649r508029_rule
APSC-DV-003190,V-70379,SV-85001,SV-85001r1_rule,V-222650,SV-222650r508029_rule
APSC-DV-003200,V-70381,SV-85003,SV-85003r1_rule,V-222651,SV-222651r508029_rule
APSC-DV-003210,V-70383,SV-85005,SV-85005r1_rule,V-222652,SV-222652r508029_rule
APSC-DV-003215,V-70385,SV-85007,SV-85007r1_rule,V-222653,SV-222653r561281_rule
APSC-DV-003220,V-70387,SV-85009,SV-85009r1_rule,V-222654,SV-222654r561284_rule
APSC-DV-003230,V-70389,SV-85011,SV-85011r1_rule,V-222655,SV-222655r508029_rule
APSC-DV-003235,V-70391,SV-85013,SV-85013r1_rule,V-222656,SV-222656r508029_rule
APSC-DV-003236,V-70393,SV-85015,SV-85015r1_rule,V-222657,SV-222657r561287_rule
APSC-DV-003240,V-70395,SV-85017,SV-85017r2_rule,V-222658,SV-222658r508029_rule
APSC-DV-003250,V-70397,SV-85019,SV-85019r1_rule,V-222659,SV-222659r508029_rule
APSC-DV-003260,V-70399,SV-85021,SV-85021r1_rule,V-222660,SV-222660r508029_rule
APSC-DV-003270,V-70401,SV-85023,SV-85023r1_rule,V-222661,SV-222661r508029_rule
APSC-DV-003280,V-70403,SV-85025,SV-85025r1_rule,V-222662,SV-222662r508029_rule
APSC-DV-003285,V-70405,SV-85027,SV-85027r1_rule,V-222663,SV-222663r508029_rule
APSC-DV-003290,V-70407,SV-85029,SV-85029r1_rule,V-222664,SV-222664r508029_rule
APSC-DV-003300,V-70409,SV-85031,SV-85031r2_rule,V-222665,SV-222665r508029_rule
APSC-DV-003310,V-70411,SV-85033,SV-85033r1_rule,V-222666,SV-222666r508029_rule
APSC-DV-003320,V-70413,SV-85035,SV-85035r1_rule,V-222667,SV-222667r508029_rule
APSC-DV-003330,V-70415,SV-85037,SV-85037r2_rule,V-222668,SV-222668r508029_rule
APSC-DV-003340,V-70417,SV-85039,SV-85039r1_rule,V-222669,SV-222669r508029_rule
APSC-DV-003345,V-70419,SV-85041,SV-85041r1_rule,V-222670,SV-222670r508029_rule
APSC-DV-003350,V-70421,SV-85043,SV-85043r1_rule,V-222671,SV-222671r508029_rule
APSC-DV-003360,V-70423,SV-85045,SV-85045r1_rule,V-222672,SV-222672r508029_rule
APSC-DV-003400,V-70425,SV-85047,SV-85047r2_rule,V-222673,SV-222673r508029_rule
